-- --------------------------------------------------------
-- Host:                         127.0.0.1
-- Server version:               8.0.22-0ubuntu0.20.04.2 - (Ubuntu)
-- Server OS:                    Linux
-- HeidiSQL Version:             11.0.0.5919
-- --------------------------------------------------------

/*!40101 SET @OLD_CHARACTER_SET_CLIENT=@@CHARACTER_SET_CLIENT */;
/*!40101 SET NAMES utf8 */;
/*!50503 SET NAMES utf8mb4 */;
/*!40014 SET @OLD_FOREIGN_KEY_CHECKS=@@FOREIGN_KEY_CHECKS, FOREIGN_KEY_CHECKS=0 */;
/*!40101 SET @OLD_SQL_MODE=@@SQL_MODE, SQL_MODE='NO_AUTO_VALUE_ON_ZERO' */;


-- Dumping database structure for blog
CREATE DATABASE IF NOT EXISTS `blog` /*!40100 DEFAULT CHARACTER SET utf8mb4 COLLATE utf8mb4_unicode_ci */ /*!80016 DEFAULT ENCRYPTION='N' */;
USE `blog`;

-- Dumping structure for table blog.articles
CREATE TABLE IF NOT EXISTS `articles` (
  `id` int NOT NULL AUTO_INCREMENT,
  `author_id` int NOT NULL,
  `title` varchar(150) CHARACTER SET utf8mb4 COLLATE utf8mb4_unicode_ci NOT NULL,
  `content` mediumtext CHARACTER SET utf8mb4 COLLATE utf8mb4_unicode_ci,
  `cover` text CHARACTER SET utf8mb4 COLLATE utf8mb4_unicode_ci,
  `status` enum('review','draft','approved','rejected') CHARACTER SET utf8mb4 COLLATE utf8mb4_unicode_ci DEFAULT 'draft',
  `created_at` datetime NOT NULL DEFAULT CURRENT_TIMESTAMP,
  `slug` varchar(150) CHARACTER SET utf8mb4 COLLATE utf8mb4_unicode_ci NOT NULL,
  PRIMARY KEY (`id`),
  KEY `article_user_fk1` (`author_id`),
  CONSTRAINT `article_user_fk1` FOREIGN KEY (`author_id`) REFERENCES `users` (`id`)
) ENGINE=InnoDB AUTO_INCREMENT=71 DEFAULT CHARSET=utf8mb4 COLLATE=utf8mb4_unicode_ci;

-- Dumping data for table blog.articles: ~52 rows (approximately)
/*!40000 ALTER TABLE `articles` DISABLE KEYS */;
INSERT INTO `articles` (`id`, `author_id`, `title`, `content`, `cover`, `status`, `created_at`, `slug`) VALUES
	(17, 9, 'testing again after refactoring', '---\r\n__Advertisement :)__\r\n\r\n- __[pica](https://nodeca.github.io/pica/demo/)__ - high quality and fast image\r\n  resize in browser.\r\n- __[babelfish](https://github.com/nodeca/babelfish/)__ - developer friendly\r\n  i18n with plurals support and easy syntax.\r\n\r\nYou will like those projects! :smiley:\r\n\r\n---\r\n\r\n# h1 Heading 😎\r\n## h2 Heading\r\n### h3 Heading\r\n#### h4 Heading\r\n##### h5 Heading\r\n###### h6 Heading\r\n\r\n\r\n## Horizontal Rules\r\n\r\n___\r\n\r\n---\r\n\r\n***\r\n\r\n\r\n## Typographic replacements\r\n\r\nEnable typographer option to see result.\r\n\r\n(c) (C) (r) (R) (tm) (TM) (p) (P) +-\r\n\r\ntest.. test... test..... test?..... test!....\r\n\r\n!!!!!! ???? ,,  -- ---\r\n\r\n"Smartypants, double quotes" and \'single quotes\'\r\n\r\n\r\n## Emphasis\r\n\r\n**This is bold text**\r\n\r\n__This is bold text__\r\n\r\n*This is italic text*\r\n\r\n_This is italic text_\r\n\r\n~~Strikethrough~~\r\n\r\n\r\n## Blockquotes\r\n\r\n\r\n> Blockquotes can also be nested...\r\n>> ...by using additional greater-than signs right next to each other...\r\n> > > ...or with spaces between arrows.\r\n\r\n\r\n## Lists\r\n\r\nUnordered\r\n\r\n+ Create a list by starting a line with `+`, `-`, or `*`\r\n+ Sub-lists are made by indenting 2 spaces:\r\n  - Marker character change forces new list start:\r\n    * Ac tristique libero volutpat at\r\n    + Facilisis in pretium nisl aliquet\r\n    - Nulla volutpat aliquam velit\r\n+ Very easy!\r\n\r\nOrdered\r\n\r\n1. Lorem ipsum dolor sit amet\r\n2. Consectetur adipiscing elit\r\n3. Integer molestie lorem at massa\r\n\r\n\r\n1. You can use sequential numbers...\r\n1. ...or keep all the numbers as `1.`\r\n\r\nStart numbering with offset:\r\n\r\n57. foo\r\n1. bar\r\n\r\n\r\n## Code\r\n\r\nInline `code`\r\n\r\nIndented code\r\n\r\n    // Some comments\r\n    line 1 of code\r\n    line 2 of code\r\n    line 3 of code\r\n\r\n\r\nBlock code "fences"\r\n\r\n```\r\nSample text here...\r\n```\r\n\r\nSyntax highlighting\r\n\r\n``` js\r\nvar foo = function (bar) {\r\n  return bar++;\r\n};\r\n\r\nconsole.log(foo(5));\r\nvar foo = function (bar) {\r\n  return bar++;\r\n};\r\n\r\nconsole.log(foo(5));\r\nvar foo = function (bar) {\r\n  return bar++;\r\n};\r\n\r\nconsole.log(foo(5));\r\nvar foo = function (bar) {\r\n  return bar++;\r\n};\r\n\r\nconsole.log(foo(5));\r\nvar foo = function (bar) {\r\n  return bar++;\r\n};\r\n\r\nconsole.log(foo(5));\r\nvar foo = function (bar) {\r\n  return bar++;\r\n};\r\n\r\nconsole.log(foo(5));\r\nvar foo = function (bar) {\r\n  return bar++;\r\n};\r\n\r\nconsole.log(foo(5));\r\nvar foo = function (bar) {\r\n  return bar++;\r\n};\r\n\r\nconsole.log(foo(5));\r\nvar foo = function (bar) {\r\n  return bar++;\r\n};\r\n\r\nconsole.log(foo(5));\r\nvar foo = function (bar) {\r\n  return bar++;\r\n};\r\n\r\nconsole.log(foo(5));\r\nvar foo = function (bar) {\r\n  return bar++;\r\n};\r\n\r\nconsole.log(foo(5));\r\nvar foo = function (bar) {\r\n  return bar++;\r\n};\r\n\r\nconsole.log(foo(5));\r\nvar foo = function (bar) {\r\n  return bar++;\r\n};\r\n\r\nconsole.log(foo(5));\r\nvar foo = function (bar) {\r\n  return bar++;\r\n};\r\n\r\nconsole.log(foo(5));\r\nvar foo = function (bar) {\r\n  return bar++;\r\n};\r\n\r\nconsole.log(foo(5));\r\nvar foo = function (bar) {\r\n  return bar++;\r\n};\r\n\r\nconsole.log(foo(5));\r\nvar foo = function (bar) {\r\n  return bar++;\r\n};\r\n\r\nconsole.log(foo(5));\r\nvar foo = function (bar) {\r\n  return bar++;\r\n};\r\n\r\nconsole.log(foo(5));\r\nvar foo = function (bar) {\r\n  return bar++;\r\n};\r\n\r\nconsole.log(foo(5));\r\nvar foo = function (bar) {\r\n  return bar++;\r\n};\r\n\r\nconsole.log(foo(5));\r\n```\r\n\r\n## Tables\r\n\r\n| Option | Description |\r\n| ------ | ----------- |\r\n| data   | path to data files to supply the data that will be passed into templates. |\r\n| engine | engine to be used for processing templates. Handlebars is the default. |\r\n| ext    | extension to be used for dest files. |\r\n\r\nRight aligned columns\r\n\r\n| Option | Description |\r\n| ------:| -----------:|\r\n| data   | path to data files to supply the data that will be passed into templates. |\r\n| engine | engine to be used for processing templates. Handlebars is the default. |\r\n| ext    | extension to be used for dest files. |\r\n\r\n\r\n## Links\r\n\r\n[link text](http://dev.nodeca.com)\r\n\r\n[link with title](http://nodeca.github.io/pica/demo/ "title text!")\r\n\r\nAutoconverted link https://github.com/nodeca/pica (enable linkify to see)\r\n\r\n\r\n## Images\r\n\r\n![Minion](https://octodex.github.com/images/minion.png)\r\n![Stormtroopocat](https://octodex.github.com/images/stormtroopocat.jpg "The Stormtroopocat")\r\n\r\nLike links, Images also have a footnote style syntax\r\n\r\n![Alt text][id]\r\n\r\nWith a reference later in the document defining the URL location:\r\n\r\n[id]: https://octodex.github.com/images/dojocat.jpg  "The Dojocat"\r\n\r\n\r\n## Plugins\r\n\r\nThe killer feature of `markdown-it` is very effective support of\r\n[syntax plugins](https://www.npmjs.org/browse/keyword/markdown-it-plugin).\r\n\r\n\r\n### [Emojies](https://github.com/markdown-it/markdown-it-emoji)\r\n\r\n> Classic markup: :wink: :crush: :cry: :tear: :laughing: :yum:\r\n>\r\n> Shortcuts (emoticons): :-) :-( 8-) ;)\r\n\r\nsee [how to change output](https://github.com/markdown-it/markdown-it-emoji#change-output) with twemoji.\r\n\r\n\r\n### [Subscript](https://github.com/markdown-it/markdown-it-sub) / [Superscript](https://github.com/markdown-it/markdown-it-sup)\r\n\r\n- 19^th^\r\n- H~2~O\r\n\r\n\r\n### [\\<ins>](https://github.com/markdown-it/markdown-it-ins)\r\n\r\n++Inserted text++\r\n\r\n\r\n### [\\<mark>](https://github.com/markdown-it/markdown-it-mark)\r\n\r\n==Marked text==\r\n\r\n\r\n### [Footnotes](https://github.com/markdown-it/markdown-it-footnote)\r\n\r\nFootnote 1 link[^first].\r\n\r\nFootnote 2 link[^second].\r\n\r\nInline footnote^[Text of inline footnote] definition.\r\n\r\nDuplicated footnote reference[^second].\r\n\r\n[^first]: Footnote **can have markup**\r\n\r\n    and multiple paragraphs.\r\n\r\n[^second]: Footnote text.\r\n\r\n\r\n### [Definition lists](https://github.com/markdown-it/markdown-it-deflist)\r\n\r\nTerm 1\r\n\r\n:   Definition 1\r\nwith lazy continuation.\r\n\r\nTerm 2 with *inline markup*\r\n\r\n:   Definition 2\r\n\r\n        { some code, part of Definition 2 }\r\n\r\n    Third paragraph of definition 2.\r\n\r\n_Compact style:_\r\n\r\nTerm 1\r\n  ~ Definition 1\r\n\r\nTerm 2\r\n  ~ Definition 2a\r\n  ~ Definition 2b\r\n\r\n\r\n### [Abbreviations](https://github.com/markdown-it/markdown-it-abbr)\r\n\r\nThis is HTML abbreviation example.\r\n\r\nIt converts "HTML", but keep intact partial entries like "xxxHTMLyyy" and so on.\r\n\r\n*[HTML]: Hyper Text Markup Language\r\n\r\n### [Custom containers](https://github.com/markdown-it/markdown-it-container)\r\n\r\n::: warning\r\n*here be dragons*\r\n:::', '5f2c03033c1c6.jpg', 'approved', '2020-08-06 08:14:25', 'testing-again-after-refactoring5f2bbbe1dfc99'),
	(18, 9, 'New test 2', 'just some test', '5f2c03033c1c6.jpg', 'draft', '2020-08-06 13:18:06', 'new-test-25f2c030e5fabd'),
	(21, 9, 'afasfasf', 'asfasfasf', '5f2c2e98bc58a.png', 'approved', '2020-08-06 16:23:57', 'afasfasf5f2c2e9dd789a'),
	(22, 9, 'asfasfasfas', 'fasfasfasf', '5f2c2eacde65d.jpg', 'approved', '2020-08-06 16:24:17', 'asfasfasfas5f2c2eb1ce27d'),
	(23, 9, 'asfasfasfas', 'fasfasfasf', '5f2c2eacde65d.jpg', 'approved', '2020-08-06 16:25:29', 'asfasfasfas5f2c2ef900258'),
	(24, 9, 'asfasfasf', 'asfasfasfa', '5f2c2f0ebbbf1.jpg', 'approved', '2020-08-06 16:25:55', 'asfasfasf5f2c2f13c4886'),
	(25, 9, 'asfasfasf', 'asfasfasfa', '5f2c2f0ebbbf1.jpg', 'approved', '2020-08-06 16:26:52', 'asfasfasf5f2c2f4c6264d'),
	(26, 9, 'asfafasf', 'asfasfasfas', '5f2c2f5b397a6.png', 'approved', '2020-08-06 16:27:12', 'asfafasf5f2c2f60a50de'),
	(27, 9, 'test testing shit 255', 'asfafasf', '5f2cf4e90e167.jpg', 'approved', '2020-08-07 06:30:14', 'test-testing-shit-255-5f2cf4f6a6851'),
	(28, 9, 'testing new stile of tags', 'test', '5f2d5a48c63a8.png', 'approved', '2020-08-07 13:42:48', 'testing-new-stile-of-tags-5f2d5a581a01e'),
	(29, 9, 'fsafasf', 'asfasfasf', '', 'approved', '2020-10-07 14:05:38', 'fsafasf-5f7dcb327b5b4'),
	(30, 9, 'MAREafs  safasfas  fasfas', 'mare test content                      \'', '5fcd0c20a0e3a-temp.png', 'review', '2020-12-06 23:21:56', 'mareafs-safasfas-fasfas-5fcd4b7466ad0'),
	(31, 9, 'MAREafs  safasfas  fasfas', 'mare test content                      \'', '5fcd0c20a0e3a-temp.png', 'review', '2020-12-06 23:46:21', 'mareafs-safasfas-fasfas-5fcd512dc05d7'),
	(32, 9, 'MAREafs  safasfas  fasfas', 'mare test content                      \'', '5fcd0c20a0e3a-temp.png', 'review', '2020-12-06 23:46:30', 'mareafs-safasfas-fasfas-5fcd5136afdf2'),
	(33, 9, 'Mare titlu', 'mare test content', '5fd5d77bc133c-temp.jpg', 'review', '2020-12-13 10:57:55', 'mare-titlu-5fd5d79366c7d'),
	(34, 9, 'Mare titlu', 'mare test content', '5fd5d77bc133c-temp.jpg', 'review', '2020-12-13 10:59:35', 'mare-titlu-5fd5d7f72587a'),
	(35, 9, 'Mare titlu', 'mare test content', '5fd5d77bc133c-temp.jpg', 'review', '2020-12-13 10:59:57', 'mare-titlu-5fd5d80d52f36'),
	(36, 9, 'Mare titlu', 'mare test content', '5fd5d77bc133c-temp.jpg', 'review', '2020-12-13 11:00:06', 'mare-titlu-5fd5d816c1fc7'),
	(37, 9, 'Mare titlu', 'mare test content', '5fd5d77bc133c-temp.jpg', 'review', '2020-12-13 11:01:41', 'mare-titlu-5fd5d8752f285'),
	(38, 9, 'Mare titlu', 'mare test content', '5fd5d77bc133c-temp.jpg', 'review', '2020-12-13 11:02:02', 'mare-titlu-5fd5d88a3f9a1'),
	(39, 9, 'Mare titlu', 'mare test content', '5fd5d77bc133c-temp.jpg', 'review', '2020-12-13 11:02:15', 'mare-titlu-5fd5d897a9460'),
	(40, 9, 'Mare titlu', 'mare test content', '5fd5d77bc133c-temp.jpg', 'review', '2020-12-13 11:03:49', 'mare-titlu-5fd5d8f51ad06'),
	(41, 9, 'Mare titlu', 'mare test content', '5fd5d77bc133c-temp.jpg', 'review', '2020-12-13 11:04:02', 'mare-titlu-5fd5d90293e78'),
	(42, 9, 'Mare titlu', 'mare test content', '5fd5d77bc133c-temp.jpg', 'review', '2020-12-13 11:05:15', 'mare-titlu-5fd5d94b0f08a'),
	(43, 9, 'Mare titlu', 'mare test content', '5fd5d77bc133c-temp.jpg', 'review', '2020-12-13 11:05:31', 'mare-titlu-5fd5d95b37b71'),
	(44, 9, 'Mare titlu', 'mare test content', '5fd5d77bc133c-temp.jpg', 'review', '2020-12-13 11:06:14', 'mare-titlu-5fd5d9862e6a5'),
	(45, 9, 'Mare titlu', 'mare test content', '5fd5d77bc133c-temp.jpg', 'review', '2020-12-13 11:07:26', 'mare-titlu-5fd5d9ce4379c'),
	(46, 9, 'Mare titlu', 'mare test content', '5fd5d77bc133c-temp.jpg', 'review', '2020-12-13 11:07:45', 'mare-titlu-5fd5d9e14fbdd'),
	(47, 9, 'Mare titlu', 'mare test content', '5fd5d77bc133c-temp.jpg', 'review', '2020-12-13 11:07:59', 'mare-titlu-5fd5d9efbb0ed'),
	(48, 9, 'Mare titlu', 'mare test content', '5fd5d77bc133c-temp.jpg', 'review', '2020-12-13 11:08:17', 'mare-titlu-5fd5da01831b5'),
	(49, 9, 'Mare titlu', 'mare test content', '5fd5d77bc133c-temp.jpg', 'review', '2020-12-13 11:10:10', 'mare-titlu-5fd5da724cc92'),
	(50, 9, 'Mare titlu', 'mare test content', '5fd5d77bc133c-temp.jpg', 'review', '2020-12-13 11:10:17', 'mare-titlu-5fd5da7948796'),
	(51, 9, 'Mare titlu', 'mare test content', '5fd5d77bc133c-temp.jpg', 'review', '2020-12-13 11:10:23', 'mare-titlu-5fd5da7f51abb'),
	(52, 9, 'Mare titlu', 'mare test content', '5fd5d77bc133c-temp.jpg', 'review', '2020-12-13 11:10:39', 'mare-titlu-5fd5da8f8b94b'),
	(53, 9, 'Mare titlu', 'mare test content', '5fd5d77bc133c-temp.jpg', 'review', '2020-12-13 11:11:34', 'mare-titlu-5fd5dac63c048'),
	(54, 9, 'Mare titlu', 'mare test content', '5fd5d77bc133c-temp.jpg', 'review', '2020-12-13 11:12:42', 'mare-titlu-5fd5db0ad7ac1'),
	(55, 9, 'Mare titlu', 'mare test content', '5fd5d77bc133c-temp.jpg', 'review', '2020-12-13 11:17:15', 'mare-titlu-5fd5dc1bd0625'),
	(56, 9, 'Mare titlu', 'mare test content', '5fd5d77bc133c-temp.jpg', 'review', '2020-12-13 11:17:19', 'mare-titlu-5fd5dc1fe24ec'),
	(57, 9, 'Mare titlu', 'mare test content', '5fd5d77bc133c-temp.jpg', 'review', '2020-12-13 11:17:30', 'mare-titlu-5fd5dc2a12350'),
	(58, 9, 'Mare titlu', 'mare test content', '5fd5d77bc133c-temp.jpg', 'review', '2020-12-13 11:24:27', 'mare-titlu-5fd5ddcbe8be7'),
	(59, 9, 'Mare titlu', 'mare test content', '5fd5d77bc133c-temp.jpg', 'review', '2020-12-13 11:24:33', 'mare-titlu-5fd5ddd12e9de'),
	(60, 9, 'Mare titlu', 'mare test content', '5fd5d77bc133c-temp.jpg', 'review', '2020-12-13 11:24:36', 'mare-titlu-5fd5ddd485631'),
	(61, 9, 'Mare titlu', 'mare test content', '5fd5d77bc133c-temp.jpg', 'review', '2020-12-13 11:24:37', 'mare-titlu-5fd5ddd571495'),
	(62, 9, 'Mare titlu', 'mare test content', '5fd5d77bc133c-temp.jpg', 'review', '2020-12-13 11:24:43', 'mare-titlu-5fd5dddb19f6c'),
	(63, 9, 'Mare titlu', 'mare test content', '5fd5d77bc133c-temp.jpg', 'review', '2020-12-13 11:33:04', 'mare-titlu-5fd5dfd08ac5f'),
	(64, 9, 'Mare titlu', 'mare test content', '5fd5d77bc133c-temp.jpg', 'review', '2020-12-13 11:33:58', 'mare-titlu-5fd5e006d18b9'),
	(65, 9, 'Mare titlu', 'mare test content', '5fd5d77bc133c-temp.jpg', 'review', '2020-12-13 11:36:05', 'mare-titlu-5fd5e08524433'),
	(66, 9, 'Mare titlu', 'mare test content', '5fd5d77bc133c-temp.jpg', 'review', '2020-12-13 11:41:59', 'mare-titlu-5fd5e1e70075d'),
	(67, 9, 'mare titlu', 'psafjaposfjaopsjposa aspojdfpasojfp apsj fpoasj pojaopsj opafj oajos pajsf psafjaposfjaopsjposa aspojdfpasojfp apsj fpoasj pojaopsj opafj oajos pajsf psafjaposfjaopsjposa aspojdfpasojfp apsj fpoasj pojaopsj opafj oajos pajsf psafjaposfjaopsjposa aspojdfpasojfp apsj fpoasj pojaopsj opafj oajos pajsf psafjaposfjaopsjposa aspojdfpasojfp apsj fpoasj pojaopsj opafj oajos pajsf psafjaposfjaopsjposa aspojdfpasojfp apsj fpoasj pojaopsj opafj oajos pajsf psafjaposfjaopsjposa aspojdfpasojfp apsj fpoasj pojaopsj opafj oajos pajsf psafjaposfjaopsjposa aspojdfpasojfp apsj fpoasj pojaopsj opafj oajos pajsf psafjaposfjaopsjposa aspojdfpasojfp apsj fpoasj pojaopsj opafj oajos pajsf psafjaposfjaopsjposa aspojdfpasojfp apsj fpoasj pojaopsj opafj oajos pajsf psafjaposfjaopsjposa aspojdfpasojfp apsj fpoasj pojaopsj opafj oajos pajsf psafjaposfjaopsjposa aspojdfpasojfp apsj fpoasj pojaopsj opafj oajos pajsf psafjaposfjaopsjposa aspojdfpasojfp apsj fpoasj pojaopsj opafj oajos pajsf psafjaposfjaopsjposa aspojdfpasojfp apsj fpoasj pojaopsj opafj oajos pajsf psafjaposfjaopsjposa aspojdfpasojfp apsj fpoasj pojaopsj opafj oajos pajsf psafjaposfjaopsjposa aspojdfpasojfp apsj fpoasj pojaopsj opafj oajos pajsf psafjaposfjaopsjposa aspojdfpasojfp apsj fpoasj pojaopsj opafj oajos pajsf psafjaposfjaopsjposa aspojdfpasojfp apsj fpoasj pojaopsj opafj oajos pajsf psafjaposfjaopsjposa aspojdfpasojfp apsj fpoasj pojaopsj opafj oajos pajsf psafjaposfjaopsjposa aspojdfpasojfp apsj fpoasj pojaopsj opafj oajos pajsf psafjaposfjaopsjposa aspojdfpasojfp apsj fpoasj pojaopsj opafj oajos pajsf psafjaposfjaopsjposa aspojdfpasojfp apsj fpoasj pojaopsj opafj oajos pajsf psafjaposfjaopsjposa aspojdfpasojfp apsj fpoasj pojaopsj opafj oajos pajsf psafjaposfjaopsjposa aspojdfpasojfp apsj fpoasj pojaopsj opafj oajos pajsf psafjaposfjaopsjposa aspojdfpasojfp apsj fpoasj pojaopsj opafj oajos pajsf psafjaposfjaopsjposa aspojdfpasojfp apsj fpoasj pojaopsj opafj oajos pajsf psafjaposfjaopsjposa aspojdfpasojfp apsj fpoasj pojaopsj opafj oajos pajsf psafjaposfjaopsjposa aspojdfpasojfp apsj fpoasj pojaopsj opafj oajos pajsf psafjaposfjaopsjposa aspojdfpasojfp apsj fpoasj pojaopsj opafj oajos pajsf psafjaposfjaopsjposa aspojdfpasojfp apsj fpoasj pojaopsj opafj oajos pajsf psafjaposfjaopsjposa aspojdfpasojfp apsj fpoasj pojaopsj opafj oajos pajsf psafjaposfjaopsjposa aspojdfpasojfp apsj fpoasj pojaopsj opafj oajos pajsf psafjaposfjaopsjposa aspojdfpasojfp apsj fpoasj pojaopsj opafj oajos pajsf psafjaposfjaopsjposa aspojdfpasojfp apsj fpoasj pojaopsj opafj oajos pajsf psafjaposfjaopsjposa aspojdfpasojfp apsj fpoasj pojaopsj opafj oajos pajsf psafjaposfjaopsjposa aspojdfpasojfp apsj fpoasj pojaopsj opafj oajos pajsf psafjaposfjaopsjposa aspojdfpasojfp apsj fpoasj pojaopsj opafj oajos pajsf psafjaposfjaopsjposa aspojdfpasojfp apsj fpoasj pojaopsj opafj oajos pajsf psafjaposfjaopsjposa aspojdfpasojfp apsj fpoasj pojaopsj opafj oajos pajsf psafjaposfjaopsjposa aspojdfpasojfp apsj fpoasj pojaopsj opafj oajos pajsf psafjaposfjaopsjposa aspojdfpasojfp apsj fpoasj pojaopsj opafj oajos pajsf psafjaposfjaopsjposa aspojdfpasojfp apsj fpoasj pojaopsj opafj oajos pajsf psafjaposfjaopsjposa aspojdfpasojfp apsj fpoasj pojaopsj opafj oajos pajsf psafjaposfjaopsjposa aspojdfpasojfp apsj fpoasj pojaopsj opafj oajos pajsf psafjaposfjaopsjposa aspojdfpasojfp apsj fpoasj pojaopsj opafj oajos pajsf psafjaposfjaopsjposa aspojdfpasojfp apsj fpoasj pojaopsj opafj oajos pajsf psafjaposfjaopsjposa aspojdfpasojfp apsj fpoasj pojaopsj opafj oajos pajsf psafjaposfjaopsjposa aspojdfpasojfp apsj fpoasj pojaopsj opafj oajos pajsf psafjaposfjaopsjposa aspojdfpasojfp apsj fpoasj pojaopsj opafj oajos pajsf psafjaposfjaopsjposa aspojdfpasojfp apsj fpoasj pojaopsj opafj oajos pajsf psafjaposfjaopsjposa aspojdfpasojfp apsj fpoasj pojaopsj opafj oajos pajsf psafjaposfjaopsjposa aspojdfpasojfp apsj fpoasj pojaopsj opafj oajos pajsf psafjaposfjaopsjposa aspojdfpasojfp apsj fpoasj pojaopsj opafj oajos pajsf psafjaposfjaopsjposa aspojdfpasojfp apsj fpoasj pojaopsj opafj oajos pajsf psafjaposfjaopsjposa aspojdfpasojfp apsj fpoasj pojaopsj opafj oajos pajsf psafjaposfjaopsjposa aspojdfpasojfp apsj fpoasj pojaopsj opafj oajos pajsf psafjaposfjaopsjposa aspojdfpasojfp apsj fpoasj pojaopsj opafj oajos pajsf psafjaposfjaopsjposa aspojdfpasojfp apsj fpoasj pojaopsj opafj oajos pajsf psafjaposfjaopsjposa aspojdfpasojfp apsj fpoasj pojaopsj opafj oajos pajsf psafjaposfjaopsjposa aspojdfpasojfp apsj fpoasj pojaopsj opafj oajos pajsf psafjaposfjaopsjposa aspojdfpasojfp apsj fpoasj pojaopsj opafj oajos pajsf psafjaposfjaopsjposa aspojdfpasojfp apsj fpoasj pojaopsj opafj oajos pajsf psafjaposfjaopsjposa aspojdfpasojfp apsj fpoasj pojaopsj opafj oajos pajsf psafjaposfjaopsjposa aspojdfpasojfp apsj fpoasj pojaopsj opafj oajos pajsf psafjaposfjaopsjposa aspojdfpasojfp apsj fpoasj pojaopsj opafj oajos pajsf psafjaposfjaopsjposa aspojdfpasojfp apsj fpoasj pojaopsj opafj oajos pajsf psafjaposfjaopsjposa aspojdfpasojfp apsj fpoasj pojaopsj opafj oajos pajsf psafjaposfjaopsjposa aspojdfpasojfp apsj fpoasj pojaopsj opafj oajos pajsf psafjaposfjaopsjposa aspojdfpasojfp apsj fpoasj pojaopsj opafj oajos pajsf psafjaposfjaopsjposa aspojdfpasojfp apsj fpoasj pojaopsj opafj oajos pajsf psafjaposfjaopsjposa aspojdfpasojfp apsj fpoasj pojaopsj opafj oajos pajsf psafjaposfjaopsjposa aspojdfpasojfp apsj fpoasj pojaopsj opafj oajos pajsf psafjaposfjaopsjposa aspojdfpasojfp apsj fpoasj pojaopsj opafj oajos pajsf psafjaposfjaopsjposa aspojdfpasojfp apsj fpoasj pojaopsj opafj oajos pajsf psafjaposfjaopsjposa aspojdfpasojfp apsj fpoasj pojaopsj opafj oajos pajsf psafjaposfjaopsjposa aspojdfpasojfp apsj fpoasj pojaopsj opafj oajos pajsf psafjaposfjaopsjposa aspojdfpasojfp apsj fpoasj pojaopsj opafj oajos pajsf psafjaposfjaopsjposa aspojdfpasojfp apsj fpoasj pojaopsj opafj oajos pajsf psafjaposfjaopsjposa aspojdfpasojfp apsj fpoasj pojaopsj opafj oajos pajsf psafjaposfjaopsjposa aspojdfpasojfp apsj fpoasj pojaopsj opafj oajos pajsf psafjaposfjaopsjposa aspojdfpasojfp apsj fpoasj pojaopsj opafj oajos pajsf psafjaposfjaopsjposa aspojdfpasojfp apsj fpoasj pojaopsj opafj oajos pajsf psafjaposfjaopsjposa aspojdfpasojfp apsj fpoasj pojaopsj opafj oajos pajsf psafjaposfjaopsjposa aspojdfpasojfp apsj fpoasj pojaopsj opafj oajos pajsf psafjaposfjaopsjposa aspojdfpasojfp apsj fpoasj pojaopsj opafj oajos pajsf psafjaposfjaopsjposa aspojdfpasojfp apsj fpoasj pojaopsj opafj oajos pajsf psafjaposfjaopsjposa aspojdfpasojfp apsj fpoasj pojaopsj opafj oajos pajsf psafjaposfjaopsjposa aspojdfpasojfp apsj fpoasj pojaopsj opafj oajos pajsf psafjaposfjaopsjposa aspojdfpasojfp apsj fpoasj pojaopsj opafj oajos pajsf psafjaposfjaopsjposa aspojdfpasojfp apsj fpoasj pojaopsj opafj oajos pajsf psafjaposfjaopsjposa aspojdfpasojfp apsj fpoasj pojaopsj opafj oajos pajsf psafjaposfjaopsjposa aspojdfpasojfp apsj fpoasj pojaopsj opafj oajos pajsf psafjaposfjaopsjposa aspojdfpasojfp apsj fpoasj pojaopsj opafj oajos pajsf psafjaposfjaopsjposa aspojdfpasojfp apsj fpoasj pojaopsj opafj oajos pajsf psafjaposfjaopsjposa aspojdfpasojfp apsj fpoasj pojaopsj opafj oajos pajsf psafjaposfjaopsjposa aspojdfpasojfp apsj fpoasj pojaopsj opafj oajos pajsf psafjaposfjaopsjposa aspojdfpasojfp apsj fpoasj pojaopsj opafj oajos pajsf psafjaposfjaopsjposa aspojdfpasojfp apsj fpoasj pojaopsj opafj oajos pajsf psafjaposfjaopsjposa aspojdfpasojfp apsj fpoasj pojaopsj opafj oajos pajsf psafjaposfjaopsjposa aspojdfpasojfp apsj fpoasj pojaopsj opafj oajos pajsf psafjaposfjaopsjposa aspojdfpasojfp apsj fpoasj pojaopsj opafj oajos pajsf psafjaposfjaopsjposa aspojdfpasojfp apsj fpoasj pojaopsj opafj oajos pajsf psafjaposfjaopsjposa aspojdfpasojfp apsj fpoasj pojaopsj opafj oajos pajsf psafjaposfjaopsjposa aspojdfpasojfp apsj fpoasj pojaopsj opafj oajos pajsf psafjaposfjaopsjposa aspojdfpasojfp apsj fpoasj pojaopsj opafj oajos pajsf psafjaposfjaopsjposa aspojdfpasojfp apsj fpoasj pojaopsj opafj oajos pajsf psafjaposfjaopsjposa aspojdfpasojfp apsj fpoasj pojaopsj opafj oajos pajsf psafjaposfjaopsjposa aspojdfpasojfp apsj fpoasj pojaopsj opafj oajos pajsf psafjaposfjaopsjposa aspojdfpasojfp apsj fpoasj pojaopsj opafj oajos pajsf psafjaposfjaopsjposa aspojdfpasojfp apsj fpoasj pojaopsj opafj oajos pajsf psafjaposfjaopsjposa aspojdfpasojfp apsj fpoasj pojaopsj opafj oajos pajsf psafjaposfjaopsjposa aspojdfpasojfp apsj fpoasj pojaopsj opafj oajos pajsf psafjaposfjaopsjposa aspojdfpasojfp apsj fpoasj pojaopsj opafj oajos pajsf psafjaposfjaopsjposa aspojdfpasojfp apsj fpoasj pojaopsj opafj oajos pajsf psafjaposfjaopsjposa aspojdfpasojfp apsj fpoasj pojaopsj opafj oajos pajsf psafjaposfjaopsjposa aspojdfpasojfp apsj fpoasj pojaopsj opafj oajos pajsf psafjaposfjaopsjposa aspojdfpasojfp apsj fpoasj pojaopsj opafj oajos pajsf psafjaposfjaopsjposa aspojdfpasojfp apsj fpoasj pojaopsj opafj oajos pajsf psafjaposfjaopsjposa aspojdfpasojfp apsj fpoasj pojaopsj opafj oajos pajsf psafjaposfjaopsjposa aspojdfpasojfp apsj fpoasj pojaopsj opafj oajos pajsf psafjaposfjaopsjposa aspojdfpasojfp apsj fpoasj pojaopsj opafj oajos pajsf psafjaposfjaopsjposa aspojdfpasojfp apsj fpoasj pojaopsj opafj oajos pajsf psafjaposfjaopsjposa aspojdfpasojfp apsj fpoasj pojaopsj opafj oajos pajsf psafjaposfjaopsjposa aspojdfpasojfp apsj fpoasj pojaopsj opafj oajos pajsf psafjaposfjaopsjposa aspojdfpasojfp apsj fpoasj pojaopsj opafj oajos pajsf psafjaposfjaopsjposa aspojdfpasojfp apsj fpoasj pojaopsj opafj oajos pajsf psafjaposfjaopsjposa aspojdfpasojfp apsj fpoasj pojaopsj opafj oajos pajsf psafjaposfjaopsjposa aspojdfpasojfp apsj fpoasj pojaopsj opafj oajos pajsf psafjaposfjaopsjposa aspojdfpasojfp apsj fpoasj pojaopsj opafj oajos pajsf psafjaposfjaopsjposa aspojdfpasojfp apsj fpoasj pojaopsj opafj oajos pajsf psafjaposfjaopsjposa aspojdfpasojfp apsj fpoasj pojaopsj opafj oajos pajsf psafjaposfjaopsjposa aspojdfpasojfp apsj fpoasj pojaopsj opafj oajos pajsf psafjaposfjaopsjposa aspojdfpasojfp apsj fpoasj pojaopsj opafj oajos pajsf psafjaposfjaopsjposa aspojdfpasojfp apsj fpoasj pojaopsj opafj oajos pajsf psafjaposfjaopsjposa aspojdfpasojfp apsj fpoasj pojaopsj opafj oajos pajsf psafjaposfjaopsjposa aspojdfpasojfp apsj fpoasj pojaopsj opafj oajos pajsf psafjaposfjaopsjposa aspojdfpasojfp apsj fpoasj pojaopsj opafj oajos pajsf psafjaposfjaopsjposa aspojdfpasojfp apsj fpoasj pojaopsj opafj oajos pajsf psafjaposfjaopsjposa aspojdfpasojfp apsj fpoasj pojaopsj opafj oajos pajsf psafjaposfjaopsjposa aspojdfpasojfp apsj fpoasj pojaopsj opafj oajos pajsf psafjaposfjaopsjposa aspojdfpasojfp apsj fpoasj pojaopsj opafj oajos pajsf psafjaposfjaopsjposa aspojdfpasojfp apsj fpoasj pojaopsj opafj oajos pajsf psafjaposfjaopsjposa aspojdfpasojfp apsj fpoasj pojaopsj opafj oajos pajsf psafjaposfjaopsjposa aspojdfpasojfp apsj fpoasj pojaopsj opafj oajos pajsf psafjaposfjaopsjposa aspojdfpasojfp apsj fpoasj pojaopsj opafj oajos pajsf psafjaposfjaopsjposa aspojdfpasojfp apsj fpoasj pojaopsj opafj oajos pajsf psafjaposfjaopsjposa aspojdfpasojfp apsj fpoasj pojaopsj opafj oajos pajsf psafjaposfjaopsjposa aspojdfpasojfp apsj fpoasj pojaopsj opafj oajos pajsf psafjaposfjaopsjposa aspojdfpasojfp apsj fpoasj pojaopsj opafj oajos pajsf psafjaposfjaopsjposa aspojdfpasojfp apsj fpoasj pojaopsj opafj oajos pajsf psafjaposfjaopsjposa aspojdfpasojfp apsj fpoasj pojaopsj opafj oajos pajsf psafjaposfjaopsjposa aspojdfpasojfp apsj fpoasj pojaopsj opafj oajos pajsf psafjaposfjaopsjposa aspojdfpasojfp apsj fpoasj pojaopsj opafj oajos pajsf psafjaposfjaopsjposa aspojdfpasojfp apsj fpoasj pojaopsj opafj oajos pajsf psafjaposfjaopsjposa aspojdfpasojfp apsj fpoasj pojaopsj opafj oajos pajsf psafjaposfjaopsjposa aspojdfpasojfp apsj fpoasj pojaopsj opafj oajos pajsf psafjaposfjaopsjposa aspojdfpasojfp apsj fpoasj pojaopsj opafj oajos pajsf psafjaposfjaopsjposa aspojdfpasojfp apsj fpoasj pojaopsj opafj oajos pajsf psafjaposfjaopsjposa aspojdfpasojfp apsj fpoasj pojaopsj opafj oajos pajsf psafjaposfjaopsjposa aspojdfpasojfp apsj fpoasj pojaopsj opafj oajos pajsf psafjaposfjaopsjposa aspojdfpasojfp apsj fpoasj pojaopsj opafj oajos pajsf psafjaposfjaopsjposa aspojdfpasojfp apsj fpoasj pojaopsj opafj oajos pajsf psafjaposfjaopsjposa aspojdfpasojfp apsj fpoasj pojaopsj opafj oajos pajsf psafjaposfjaopsjposa aspojdfpasojfp apsj fpoasj pojaopsj opafj oajos pajsf psafjaposfjaopsjposa aspojdfpasojfp apsj fpoasj pojaopsj opafj oajos pajsf psafjaposfjaopsjposa aspojdfpasojfp apsj fpoasj pojaopsj opafj oajos pajsf psafjaposfjaopsjposa aspojdfpasojfp apsj fpoasj pojaopsj opafj oajos pajsf psafjaposfjaopsjposa aspojdfpasojfp apsj fpoasj pojaopsj opafj oajos pajsf psafjaposfjaopsjposa aspojdfpasojfp apsj fpoasj pojaopsj opafj oajos pajsf psafjaposfjaopsjposa aspojdfpasojfp apsj fpoasj pojaopsj opafj oajos pajsf psafjaposfjaopsjposa aspojdfpasojfp apsj fpoasj pojaopsj opafj oajos pajsf psafjaposfjaopsjposa aspojdfpasojfp apsj fpoasj pojaopsj opafj oajos pajsf psafjaposfjaopsjposa aspojdfpasojfp apsj fpoasj pojaopsj opafj oajos pajsf psafjaposfjaopsjposa aspojdfpasojfp apsj fpoasj pojaopsj opafj oajos pajsf psafjaposfjaopsjposa aspojdfpasojfp apsj fpoasj pojaopsj opafj oajos pajsf psafjaposfjaopsjposa aspojdfpasojfp apsj fpoasj pojaopsj opafj oajos pajsf psafjaposfjaopsjposa aspojdfpasojfp apsj fpoasj pojaopsj opafj oajos pajsf psafjaposfjaopsjposa aspojdfpasojfp apsj fpoasj pojaopsj opafj oajos pajsf psafjaposfjaopsjposa aspojdfpasojfp apsj fpoasj pojaopsj opafj oajos pajsf psafjaposfjaopsjposa aspojdfpasojfp apsj fpoasj pojaopsj opafj oajos pajsf psafjaposfjaopsjposa aspojdfpasojfp apsj fpoasj pojaopsj opafj oajos pajsf psafjaposfjaopsjposa aspojdfpasojfp apsj fpoasj pojaopsj opafj oajos pajsf psafjaposfjaopsjposa aspojdfpasojfp apsj fpoasj pojaopsj opafj oajos pajsf psafjaposfjaopsjposa aspojdfpasojfp apsj fpoasj pojaopsj opafj oajos pajsf psafjaposfjaopsjposa aspojdfpasojfp apsj fpoasj pojaopsj opafj oajos pajsf psafjaposfjaopsjposa aspojdfpasojfp apsj fpoasj pojaopsj opafj oajos pajsf psafjaposfjaopsjposa aspojdfpasojfp apsj fpoasj pojaopsj opafj oajos pajsf psafjaposfjaopsjposa aspojdfpasojfp apsj fpoasj pojaopsj opafj oajos pajsf psafjaposfjaopsjposa aspojdfpasojfp apsj fpoasj pojaopsj opafj oajos pajsf psafjaposfjaopsjposa aspojdfpasojfp apsj fpoasj pojaopsj opafj oajos pajsf psafjaposfjaopsjposa aspojdfpasojfp apsj fpoasj pojaopsj opafj oajos pajsf psafjaposfjaopsjposa aspojdfpasojfp apsj fpoasj pojaopsj opafj oajos pajsf psafjaposfjaopsjposa aspojdfpasojfp apsj fpoasj pojaopsj opafj oajos pajsf psafjaposfjaopsjposa aspojdfpasojfp apsj fpoasj pojaopsj opafj oajos pajsf psafjaposfjaopsjposa aspojdfpasojfp apsj fpoasj pojaopsj opafj oajos pajsf psafjaposfjaopsjposa aspojdfpasojfp apsj fpoasj pojaopsj opafj oajos pajsf psafjaposfjaopsjposa aspojdfpasojfp apsj fpoasj pojaopsj opafj oajos pajsf psafjaposfjaopsjposa aspojdfpasojfp apsj fpoasj pojaopsj opafj oajos pajsf psafjaposfjaopsjposa aspojdfpasojfp apsj fpoasj pojaopsj opafj oajos pajsf psafjaposfjaopsjposa aspojdfpasojfp apsj fpoasj pojaopsj opafj oajos pajsf psafjaposfjaopsjposa aspojdfpasojfp apsj fpoasj pojaopsj opafj oajos pajsf psafjaposfjaopsjposa aspojdfpasojfp apsj fpoasj pojaopsj opafj oajos pajsf psafjaposfjaopsjposa aspojdfpasojfp apsj fpoasj pojaopsj opafj oajos pajsf psafjaposfjaopsjposa aspojdfpasojfp apsj fpoasj pojaopsj opafj oajos pajsf psafjaposfjaopsjposa aspojdfpasojfp apsj fpoasj pojaopsj opafj oajos pajsf psafjaposfjaopsjposa aspojdfpasojfp apsj fpoasj pojaopsj opafj oajos pajsf psafjaposfjaopsjposa aspojdfpasojfp apsj fpoasj pojaopsj opafj oajos pajsf psafjaposfjaopsjposa aspojdfpasojfp apsj fpoasj pojaopsj opafj oajos pajsf psafjaposfjaopsjposa aspojdfpasojfp apsj fpoasj pojaopsj opafj oajos pajsf psafjaposfjaopsjposa aspojdfpasojfp apsj fpoasj pojaopsj opafj oajos pajsf psafjaposfjaopsjposa aspojdfpasojfp apsj fpoasj pojaopsj opafj oajos pajsf psafjaposfjaopsjposa aspojdfpasojfp apsj fpoasj pojaopsj opafj oajos pajsf psafjaposfjaopsjposa aspojdfpasojfp apsj fpoasj pojaopsj opafj oajos pajsf psafjaposfjaopsjposa aspojdfpasojfp apsj fpoasj pojaopsj opafj oajos pajsf psafjaposfjaopsjposa aspojdfpasojfp apsj fpoasj pojaopsj opafj oajos pajsf psafjaposfjaopsjposa aspojdfpasojfp apsj fpoasj pojaopsj opafj oajos pajsf psafjaposfjaopsjposa aspojdfpasojfp apsj fpoasj pojaopsj opafj oajos pajsf psafjaposfjaopsjposa aspojdfpasojfp apsj fpoasj pojaopsj opafj oajos pajsf psafjaposfjaopsjposa aspojdfpasojfp apsj fpoasj pojaopsj opafj oajos pajsf psafjaposfjaopsjposa aspojdfpasojfp apsj fpoasj pojaopsj opafj oajos pajsf psafjaposfjaopsjposa aspojdfpasojfp apsj fpoasj pojaopsj opafj oajos pajsf psafjaposfjaopsjposa aspojdfpasojfp apsj fpoasj pojaopsj opafj oajos pajsf psafjaposfjaopsjposa aspojdfpasojfp apsj fpoasj pojaopsj opafj oajos pajsf psafjaposfjaopsjposa aspojdfpasojfp apsj fpoasj pojaopsj opafj oajos pajsf psafjaposfjaopsjposa aspojdfpasojfp apsj fpoasj pojaopsj opafj oajos pajsf psafjaposfjaopsjposa aspojdfpasojfp apsj fpoasj pojaopsj opafj oajos pajsf psafjaposfjaopsjposa aspojdfpasojfp apsj fpoasj pojaopsj opafj oajos pajsf psafjaposfjaopsjposa aspojdfpasojfp apsj fpoasj pojaopsj opafj oajos pajsf psafjaposfjaopsjposa aspojdfpasojfp apsj fpoasj pojaopsj opafj oajos pajsf psafjaposfjaopsjposa aspojdfpasojfp apsj fpoasj pojaopsj opafj oajos pajsf psafjaposfjaopsjposa aspojdfpasojfp apsj fpoasj pojaopsj opafj oajos pajsf psafjaposfjaopsjposa aspojdfpasojfp apsj fpoasj pojaopsj opafj oajos pajsf psafjaposfjaopsjposa aspojdfpasojfp apsj fpoasj pojaopsj opafj oajos pajsf psafjaposfjaopsjposa aspojdfpasojfp apsj fpoasj pojaopsj opafj oajos pajsf psafjaposfjaopsjposa aspojdfpasojfp apsj fpoasj pojaopsj opafj oajos pajsf psafjaposfjaopsjposa aspojdfpasojfp apsj fpoasj pojaopsj opafj oajos pajsf psafjaposfjaopsjposa aspojdfpasojfp apsj fpoasj pojaopsj opafj oajos pajsf psafjaposfjaopsjposa aspojdfpasojfp apsj fpoasj pojaopsj opafj oajos pajsf psafjaposfjaopsjposa aspojdfpasojfp apsj fpoasj pojaopsj opafj oajos pajsf psafjaposfjaopsjposa aspojdfpasojfp apsj fpoasj pojaopsj opafj oajos pajsf psafjaposfjaopsjposa aspojdfpasojfp apsj fpoasj pojaopsj opafj oajos pajsf psafjaposfjaopsjposa aspojdfpasojfp apsj fpoasj pojaopsj opafj oajos pajsf psafjaposfjaopsjposa aspojdfpasojfp apsj fpoasj pojaopsj opafj oajos pajsf psafjaposfjaopsjposa aspojdfpasojfp apsj fpoasj pojaopsj opafj oajos pajsf psafjaposfjaopsjposa aspojdfpasojfp apsj fpoasj pojaopsj opafj oajos pajsf psafjaposfjaopsjposa aspojdfpasojfp apsj fpoasj pojaopsj opafj oajos pajsf psafjaposfjaopsjposa aspojdfpasojfp apsj fpoasj pojaopsj opafj oajos pajsf psafjaposfjaopsjposa aspojdfpasojfp apsj fpoasj pojaopsj opafj oajos pajsf psafjaposfjaopsjposa aspojdfpasojfp apsj fpoasj pojaopsj opafj oajos pajsf psafjaposfjaopsjposa aspojdfpasojfp apsj fpoasj pojaopsj opafj oajos pajsf psafjaposfjaopsjposa aspojdfpasojfp apsj fpoasj pojaopsj opafj oajos pajsf psafjaposfjaopsjposa aspojdfpasojfp apsj fpoasj pojaopsj opafj oajos pajsf psafjaposfjaopsjposa aspojdfpasojfp apsj fpoasj pojaopsj opafj oajos pajsf psafjaposfjaopsjposa aspojdfpasojfp apsj fpoasj pojaopsj opafj oajos pajsf psafjaposfjaopsjposa aspojdfpasojfp apsj fpoasj pojaopsj opafj oajos pajsf psafjaposfjaopsjposa aspojdfpasojfp apsj fpoasj pojaopsj opafj oajos pajsf psafjaposfjaopsjposa aspojdfpasojfp apsj fpoasj pojaopsj opafj oajos pajsf psafjaposfjaopsjposa aspojdfpasojfp apsj fpoasj pojaopsj opafj oajos pajsf psafjaposfjaopsjposa aspojdfpasojfp apsj fpoasj pojaopsj opafj oajos pajsf psafjaposfjaopsjposa aspojdfpasojfp apsj fpoasj pojaopsj opafj oajos pajsf psafjaposfjaopsjposa aspojdfpasojfp apsj fpoasj pojaopsj opafj oajos pajsf psafjaposfjaopsjposa aspojdfpasojfp apsj fpoasj pojaopsj opafj oajos pajsf psafjaposfjaopsjposa aspojdfpasojfp apsj fpoasj pojaopsj opafj oajos pajsf psafjaposfjaopsjposa aspojdfpasojfp apsj fpoasj pojaopsj opafj oajos pajsf psafjaposfjaopsjposa aspojdfpasojfp apsj fpoasj pojaopsj opafj oajos pajsf psafjaposfjaopsjposa aspojdfpasojfp apsj fpoasj pojaopsj opafj oajos pajsf psafjaposfjaopsjposa aspojdfpasojfp apsj fpoasj pojaopsj opafj oajos pajsf psafjaposfjaopsjposa aspojdfpasojfp apsj fpoasj pojaopsj opafj oajos pajsf psafjaposfjaopsjposa aspojdfpasojfp apsj fpoasj pojaopsj opafj oajos pajsf psafjaposfjaopsjposa aspojdfpasojfp apsj fpoasj pojaopsj opafj oajos pajsf psafjaposfjaopsjposa aspojdfpasojfp apsj fpoasj pojaopsj opafj oajos pajsf psafjaposfjaopsjposa aspojdfpasojfp apsj fpoasj pojaopsj opafj oajos pajsf psafjaposfjaopsjposa aspojdfpasojfp apsj fpoasj pojaopsj opafj oajos pajsf psafjaposfjaopsjposa aspojdfpasojfp apsj fpoasj pojaopsj opafj oajos pajsf psafjaposfjaopsjposa aspojdfpasojfp apsj fpoasj pojaopsj opafj oajos pajsf psafjaposfjaopsjposa aspojdfpasojfp apsj fpoasj pojaopsj opafj oajos pajsf psafjaposfjaopsjposa aspojdfpasojfp apsj fpoasj pojaopsj opafj oajos pajsf psafjaposfjaopsjposa aspojdfpasojfp apsj fpoasj pojaopsj opafj oajos pajsf psafjaposfjaopsjposa aspojdfpasojfp apsj fpoasj pojaopsj opafj oajos pajsf psafjaposfjaopsjposa aspojdfpasojfp apsj fpoasj pojaopsj opafj oajos pajsf psafjaposfjaopsjposa aspojdfpasojfp apsj fpoasj pojaopsj opafj oajos pajsf psafjaposfjaopsjposa aspojdfpasojfp apsj fpoasj pojaopsj opafj oajos pajsf psafjaposfjaopsjposa aspojdfpasojfp apsj fpoasj pojaopsj opafj oajos pajsf psafjaposfjaopsjposa aspojdfpasojfp apsj fpoasj pojaopsj opafj oajos pajsf psafjaposfjaopsjposa aspojdfpasojfp apsj fpoasj pojaopsj opafj oajos pajsf psafjaposfjaopsjposa aspojdfpasojfp apsj fpoasj pojaopsj opafj oajos pajsf psafjaposfjaopsjposa aspojdfpasojfp apsj fpoasj pojaopsj opafj oajos pajsf psafjaposfjaopsjposa aspojdfpasojfp apsj fpoasj pojaopsj opafj oajos pajsf psafjaposfjaopsjposa aspojdfpasojfp apsj fpoasj pojaopsj opafj oajos pajsf psafjaposfjaopsjposa aspojdfpasojfp apsj fpoasj pojaopsj opafj oajos pajsf psafjaposfjaopsjposa aspojdfpasojfp apsj fpoasj pojaopsj opafj oajos pajsf psafjaposfjaopsjposa aspojdfpasojfp apsj fpoasj pojaopsj opafj oajos pajsf psafjaposfjaopsjposa aspojdfpasojfp apsj fpoasj pojaopsj opafj oajos pajsf psafjaposfjaopsjposa aspojdfpasojfp apsj fpoasj pojaopsj opafj oajos pajsf psafjaposfjaopsjposa aspojdfpasojfp apsj fpoasj pojaopsj opafj oajos pajsf psafjaposfjaopsjposa aspojdfpasojfp apsj fpoasj pojaopsj opafj oajos pajsf psafjaposfjaopsjposa aspojdfpasojfp apsj fpoasj pojaopsj opafj oajos pajsf psafjaposfjaopsjposa aspojdfpasojfp apsj fpoasj pojaopsj opafj oajos pajsf psafjaposfjaopsjposa aspojdfpasojfp apsj fpoasj pojaopsj opafj oajos pajsf psafjaposfjaopsjposa aspojdfpasojfp apsj fpoasj pojaopsj opafj oajos pajsf psafjaposfjaopsjposa aspojdfpasojfp apsj fpoasj pojaopsj opafj oajos pajsf psafjaposfjaopsjposa aspojdfpasojfp apsj fpoasj pojaopsj opafj oajos pajsf psafjaposfjaopsjposa aspojdfpasojfp apsj fpoasj pojaopsj opafj oajos pajsf psafjaposfjaopsjposa aspojdfpasojfp apsj fpoasj pojaopsj opafj oajos pajsf psafjaposfjaopsjposa aspojdfpasojfp apsj fpoasj pojaopsj opafj oajos pajsf psafjaposfjaopsjposa aspojdfpasojfp apsj fpoasj pojaopsj opafj oajos pajsf psafjaposfjaopsjposa aspojdfpasojfp apsj fpoasj pojaopsj opafj oajos pajsf psafjaposfjaopsjposa aspojdfpasojfp apsj fpoasj pojaopsj opafj oajos pajsf psafjaposfjaopsjposa aspojdfpasojfp apsj fpoasj pojaopsj opafj oajos pajsf psafjaposfjaopsjposa aspojdfpasojfp apsj fpoasj pojaopsj opafj oajos pajsf psafjaposfjaopsjposa aspojdfpasojfp apsj fpoasj pojaopsj opafj oajos pajsf psafjaposfjaopsjposa aspojdfpasojfp apsj fpoasj pojaopsj opafj oajos pajsf psafjaposfjaopsjposa aspojdfpasojfp apsj fpoasj pojaopsj opafj oajos pajsf psafjaposfjaopsjposa aspojdfpasojfp apsj fpoasj pojaopsj opafj oajos pajsf psafjaposfjaopsjposa aspojdfpasojfp apsj fpoasj pojaopsj opafj oajos pajsf psafjaposfjaopsjposa aspojdfpasojfp apsj fpoasj pojaopsj opafj oajos pajsf psafjaposfjaopsjposa aspojdfpasojfp apsj fpoasj pojaopsj opafj oajos pajsf psafjaposfjaopsjposa aspojdfpasojfp apsj fpoasj pojaopsj opafj oajos pajsf psafjaposfjaopsjposa aspojdfpasojfp apsj fpoasj pojaopsj opafj oajos pajsf psafjaposfjaopsjposa aspojdfpasojfp apsj fpoasj pojaopsj opafj oajos pajsf psafjaposfjaopsjposa aspojdfpasojfp apsj fpoasj pojaopsj opafj oajos pajsf psafjaposfjaopsjposa aspojdfpasojfp apsj fpoasj pojaopsj opafj oajos pajsf psafjaposfjaopsjposa aspojdfpasojfp apsj fpoasj pojaopsj opafj oajos pajsf psafjaposfjaopsjposa aspojdfpasojfp apsj fpoasj pojaopsj opafj oajos pajsf psafjaposfjaopsjposa aspojdfpasojfp apsj fpoasj pojaopsj opafj oajos pajsf psafjaposfjaopsjposa aspojdfpasojfp apsj fpoasj pojaopsj opafj oajos pajsf psafjaposfjaopsjposa aspojdfpasojfp apsj fpoasj pojaopsj opafj oajos pajsf psafjaposfjaopsjposa aspojdfpasojfp apsj fpoasj pojaopsj opafj oajos pajsf psafjaposfjaopsjposa aspojdfpasojfp apsj fpoasj pojaopsj opafj oajos pajsf psafjaposfjaopsjposa aspojdfpasojfp apsj fpoasj pojaopsj opafj oajos pajsf psafjaposfjaopsjposa aspojdfpasojfp apsj fpoasj pojaopsj opafj oajos pajsf psafjaposfjaopsjposa aspojdfpasojfp apsj fpoasj pojaopsj opafj oajos pajsf psafjaposfjaopsjposa aspojdfpasojfp apsj fpoasj pojaopsj opafj oajos pajsf psafjaposfjaopsjposa aspojdfpasojfp apsj fpoasj pojaopsj opafj oajos pajsf psafjaposfjaopsjposa aspojdfpasojfp apsj fpoasj pojaopsj opafj oajos pajsf psafjaposfjaopsjposa aspojdfpasojfp apsj fpoasj pojaopsj opafj oajos pajsf psafjaposfjaopsjposa aspojdfpasojfp apsj fpoasj pojaopsj opafj oajos pajsf psafjaposfjaopsjposa aspojdfpasojfp apsj fpoasj pojaopsj opafj oajos pajsf psafjaposfjaopsjposa aspojdfpasojfp apsj fpoasj pojaopsj opafj oajos pajsf psafjaposfjaopsjposa aspojdfpasojfp apsj fpoasj pojaopsj opafj oajos pajsf psafjaposfjaopsjposa aspojdfpasojfp apsj fpoasj pojaopsj opafj oajos pajsf psafjaposfjaopsjposa aspojdfpasojfp apsj fpoasj pojaopsj opafj oajos pajsf psafjaposfjaopsjposa aspojdfpasojfp apsj fpoasj pojaopsj opafj oajos pajsf psafjaposfjaopsjposa aspojdfpasojfp apsj fpoasj pojaopsj opafj oajos pajsf psafjaposfjaopsjposa aspojdfpasojfp apsj fpoasj pojaopsj opafj oajos pajsf psafjaposfjaopsjposa aspojdfpasojfp apsj fpoasj pojaopsj opafj oajos pajsf psafjaposfjaopsjposa aspojdfpasojfp apsj fpoasj pojaopsj opafj oajos pajsf psafjaposfjaopsjposa aspojdfpasojfp apsj fpoasj pojaopsj opafj oajos pajsf psafjaposfjaopsjposa aspojdfpasojfp apsj fpoasj pojaopsj opafj oajos pajsf psafjaposfjaopsjposa aspojdfpasojfp apsj fpoasj pojaopsj opafj oajos pajsf psafjaposfjaopsjposa aspojdfpasojfp apsj fpoasj pojaopsj opafj oajos pajsf psafjaposfjaopsjposa aspojdfpasojfp apsj fpoasj pojaopsj opafj oajos pajsf psafjaposfjaopsjposa aspojdfpasojfp apsj fpoasj pojaopsj opafj oajos pajsf psafjaposfjaopsjposa aspojdfpasojfp apsj fpoasj pojaopsj opafj oajos pajsf psafjaposfjaopsjposa aspojdfpasojfp apsj fpoasj pojaopsj opafj oajos pajsf psafjaposfjaopsjposa aspojdfpasojfp apsj fpoasj pojaopsj opafj oajos pajsf psafjaposfjaopsjposa aspojdfpasojfp apsj fpoasj pojaopsj opafj oajos pajsf psafjaposfjaopsjposa aspojdfpasojfp apsj fpoasj pojaopsj opafj oajos pajsf psafjaposfjaopsjposa aspojdfpasojfp apsj fpoasj pojaopsj opafj oajos pajsf psafjaposfjaopsjposa aspojdfpasojfp apsj fpoasj pojaopsj opafj oajos pajsf psafjaposfjaopsjposa aspojdfpasojfp apsj fpoasj pojaopsj opafj oajos pajsf psafjaposfjaopsjposa aspojdfpasojfp apsj fpoasj pojaopsj opafj oajos pajsf psafjaposfjaopsjposa aspojdfpasojfp apsj fpoasj pojaopsj opafj oajos pajsf psafjaposfjaopsjposa aspojdfpasojfp apsj fpoasj pojaopsj opafj oajos pajsf psafjaposfjaopsjposa aspojdfpasojfp apsj fpoasj pojaopsj opafj oajos pajsf psafjaposfjaopsjposa aspojdfpasojfp apsj fpoasj pojaopsj opafj oajos pajsf psafjaposfjaopsjposa aspojdfpasojfp apsj fpoasj pojaopsj opafj oajos pajsf psafjaposfjaopsjposa aspojdfpasojfp apsj fpoasj pojaopsj opafj oajos pajsf psafjaposfjaopsjposa aspojdfpasojfp apsj fpoasj pojaopsj opafj oajos pajsf psafjaposfjaopsjposa aspojdfpasojfp apsj fpoasj pojaopsj opafj oajos pajsf psafjaposfjaopsjposa aspojdfpasojfp apsj fpoasj pojaopsj opafj oajos pajsf psafjaposfjaopsjposa aspojdfpasojfp apsj fpoasj pojaopsj opafj oajos pajsf psafjaposfjaopsjposa aspojdfpasojfp apsj fpoasj pojaopsj opafj oajos pajsf psafjaposfjaopsjposa aspojdfpasojfp apsj fpoasj pojaopsj opafj oajos pajsf psafjaposfjaopsjposa aspojdfpasojfp apsj fpoasj pojaopsj opafj oajos pajsf psafjaposfjaopsjposa aspojdfpasojfp apsj fpoasj pojaopsj opafj oajos pajsf psafjaposfjaopsjposa aspojdfpasojfp apsj fpoasj pojaopsj opafj oajos pajsf psafjaposfjaopsjposa aspojdfpasojfp apsj fpoasj pojaopsj opafj oajos pajsf psafjaposfjaopsjposa aspojdfpasojfp apsj fpoasj pojaopsj opafj oajos pajsf psafjaposfjaopsjposa aspojdfpasojfp apsj fpoasj pojaopsj opafj oajos pajsf psafjaposfjaopsjposa aspojdfpasojfp apsj fpoasj pojaopsj opafj oajos pajsf psafjaposfjaopsjposa aspojdfpasojfp apsj fpoasj pojaopsj opafj oajos pajsf psafjaposfjaopsjposa aspojdfpasojfp apsj fpoasj pojaopsj opafj oajos pajsf psafjaposfjaopsjposa aspojdfpasojfp apsj fpoasj pojaopsj opafj oajos pajsf psafjaposfjaopsjposa aspojdfpasojfp apsj fpoasj pojaopsj opafj oajos pajsf psafjaposfjaopsjposa aspojdfpasojfp apsj fpoasj pojaopsj opafj oajos pajsf psafjaposfjaopsjposa aspojdfpasojfp apsj fpoasj pojaopsj opafj oajos pajsf psafjaposfjaopsjposa aspojdfpasojfp apsj fpoasj pojaopsj opafj oajos pajsf psafjaposfjaopsjposa aspojdfpasojfp apsj fpoasj pojaopsj opafj oajos pajsf psafjaposfjaopsjposa aspojdfpasojfp apsj fpoasj pojaopsj opafj oajos pajsf psafjaposfjaopsjposa aspojdfpasojfp apsj fpoasj pojaopsj opafj oajos pajsf psafjaposfjaopsjposa aspojdfpasojfp apsj fpoasj pojaopsj opafj oajos pajsf psafjaposfjaopsjposa aspojdfpasojfp apsj fpoasj pojaopsj opafj oajos pajsf psafjaposfjaopsjposa aspojdfpasojfp apsj fpoasj pojaopsj opafj oajos pajsf psafjaposfjaopsjposa aspojdfpasojfp apsj fpoasj pojaopsj opafj oajos pajsf psafjaposfjaopsjposa aspojdfpasojfp apsj fpoasj pojaopsj opafj oajos pajsf psafjaposfjaopsjposa aspojdfpasojfp apsj fpoasj pojaopsj opafj oajos pajsf psafjaposfjaopsjposa aspojdfpasojfp apsj fpoasj pojaopsj opafj oajos pajsf psafjaposfjaopsjposa aspojdfpasojfp apsj fpoasj pojaopsj opafj oajos pajsf psafjaposfjaopsjposa aspojdfpasojfp apsj fpoasj pojaopsj opafj oajos pajsf psafjaposfjaopsjposa aspojdfpasojfp apsj fpoasj pojaopsj opafj oajos pajsf psafjaposfjaopsjposa aspojdfpasojfp apsj fpoasj pojaopsj opafj oajos pajsf psafjaposfjaopsjposa aspojdfpasojfp apsj fpoasj pojaopsj opafj oajos pajsf psafjaposfjaopsjposa aspojdfpasojfp apsj fpoasj pojaopsj opafj oajos pajsf psafjaposfjaopsjposa aspojdfpasojfp apsj fpoasj pojaopsj opafj oajos pajsf psafjaposfjaopsjposa aspojdfpasojfp apsj fpoasj pojaopsj opafj oajos pajsf psafjaposfjaopsjposa aspojdfpasojfp apsj fpoasj pojaopsj opafj oajos pajsf psafjaposfjaopsjposa aspojdfpasojfp apsj fpoasj pojaopsj opafj oajos pajsf psafjaposfjaopsjposa aspojdfpasojfp apsj fpoasj pojaopsj opafj oajos pajsf psafjaposfjaopsjposa aspojdfpasojfp apsj fpoasj pojaopsj opafj oajos pajsf psafjaposfjaopsjposa aspojdfpasojfp apsj fpoasj pojaopsj opafj oajos pajsf psafjaposfjaopsjposa aspojdfpasojfp apsj fpoasj pojaopsj opafj oajos pajsf psafjaposfjaopsjposa aspojdfpasojfp apsj fpoasj pojaopsj opafj oajos pajsf psafjaposfjaopsjposa aspojdfpasojfp apsj fpoasj pojaopsj opafj oajos pajsf psafjaposfjaopsjposa aspojdfpasojfp apsj fpoasj pojaopsj opafj oajos pajsf psafjaposfjaopsjposa aspojdfpasojfp apsj fpoasj pojaopsj opafj oajos pajsf psafjaposfjaopsjposa aspojdfpasojfp apsj fpoasj pojaopsj opafj oajos pajsf psafjaposfjaopsjposa aspojdfpasojfp apsj fpoasj pojaopsj opafj oajos pajsf psafjaposfjaopsjposa aspojdfpasojfp apsj fpoasj pojaopsj opafj oajos pajsf psafjaposfjaopsjposa aspojdfpasojfp apsj fpoasj pojaopsj opafj oajos pajsf psafjaposfjaopsjposa aspojdfpasojfp apsj fpoasj pojaopsj opafj oajos pajsf psafjaposfjaopsjposa aspojdfpasojfp apsj fpoasj pojaopsj opafj oajos pajsf psafjaposfjaopsjposa aspojdfpasojfp apsj fpoasj pojaopsj opafj oajos pajsf psafjaposfjaopsjposa aspojdfpasojfp apsj fpoasj pojaopsj opafj oajos pajsf psafjaposfjaopsjposa aspojdfpasojfp apsj fpoasj pojaopsj opafj oajos pajsf psafjaposfjaopsjposa aspojdfpasojfp apsj fpoasj pojaopsj opafj oajos pajsf psafjaposfjaopsjposa aspojdfpasojfp apsj fpoasj pojaopsj opafj oajos pajsf psafjaposfjaopsjposa aspojdfpasojfp apsj fpoasj pojaopsj opafj oajos pajsf psafjaposfjaopsjposa aspojdfpasojfp apsj fpoasj pojaopsj opafj oajos pajsf psafjaposfjaopsjposa aspojdfpasojfp apsj fpoasj pojaopsj opafj oajos pajsf psafjaposfjaopsjposa aspojdfpasojfp apsj fpoasj pojaopsj opafj oajos pajsf psafjaposfjaopsjposa aspojdfpasojfp apsj fpoasj pojaopsj opafj oajos pajsf psafjaposfjaopsjposa aspojdfpasojfp apsj fpoasj pojaopsj opafj oajos pajsf psafjaposfjaopsjposa aspojdfpasojfp apsj fpoasj pojaopsj opafj oajos pajsf psafjaposfjaopsjposa aspojdfpasojfp apsj fpoasj pojaopsj opafj oajos pajsf psafjaposfjaopsjposa aspojdfpasojfp apsj fpoasj pojaopsj opafj oajos pajsf psafjaposfjaopsjposa aspojdfpasojfp apsj fpoasj pojaopsj opafj oajos pajsf psafjaposfjaopsjposa aspojdfpasojfp apsj fpoasj pojaopsj opafj oajos pajsf psafjaposfjaopsjposa aspojdfpasojfp apsj fpoasj pojaopsj opafj oajos pajsf psafjaposfjaopsjposa aspojdfpasojfp apsj fpoasj pojaopsj opafj oajos pajsf psafjaposfjaopsjposa aspojdfpasojfp apsj fpoasj pojaopsj opafj oajos pajsf psafjaposfjaopsjposa aspojdfpasojfp apsj fpoasj pojaopsj opafj oajos pajsf psafjaposfjaopsjposa aspojdfpasojfp apsj fpoasj pojaopsj opafj oajos pajsf psafjaposfjaopsjposa aspojdfpasojfp apsj fpoasj pojaopsj opafj oajos pajsf psafjaposfjaopsjposa aspojdfpasojfp apsj fpoasj pojaopsj opafj oajos pajsf psafjaposfjaopsjposa aspojdfpasojfp apsj fpoasj pojaopsj opafj oajos pajsf psafjaposfjaopsjposa aspojdfpasojfp apsj fpoasj pojaopsj opafj oajos pajsf psafjaposfjaopsjposa aspojdfpasojfp apsj fpoasj pojaopsj opafj oajos pajsf psafjaposfjaopsjposa aspojdfpasojfp apsj fpoasj pojaopsj opafj oajos pajsf psafjaposfjaopsjposa aspojdfpasojfp apsj fpoasj pojaopsj opafj oajos pajsf psafjaposfjaopsjposa aspojdfpasojfp apsj fpoasj pojaopsj opafj oajos pajsf psafjaposfjaopsjposa aspojdfpasojfp apsj fpoasj pojaopsj opafj oajos pajsf psafjaposfjaopsjposa aspojdfpasojfp apsj fpoasj pojaopsj opafj oajos pajsf psafjaposfjaopsjposa aspojdfpasojfp apsj fpoasj pojaopsj opafj oajos pajsf psafjaposfjaopsjposa aspojdfpasojfp apsj fpoasj pojaopsj opafj oajos pajsf psafjaposfjaopsjposa aspojdfpasojfp apsj fpoasj pojaopsj opafj oajos pajsf psafjaposfjaopsjposa aspojdfpasojfp apsj fpoasj pojaopsj opafj oajos pajsf psafjaposfjaopsjposa aspojdfpasojfp apsj fpoasj pojaopsj opafj oajos pajsf psafjaposfjaopsjposa aspojdfpasojfp apsj fpoasj pojaopsj opafj oajos pajsf psafjaposfjaopsjposa aspojdfpasojfp apsj fpoasj pojaopsj opafj oajos pajsf psafjaposfjaopsjposa aspojdfpasojfp apsj fpoasj pojaopsj opafj oajos pajsf psafjaposfjaopsjposa aspojdfpasojfp apsj fpoasj pojaopsj opafj oajos pajsf psafjaposfjaopsjposa aspojdfpasojfp apsj fpoasj pojaopsj opafj oajos pajsf psafjaposfjaopsjposa aspojdfpasojfp apsj fpoasj pojaopsj opafj oajos pajsf psafjaposfjaopsjposa aspojdfpasojfp apsj fpoasj pojaopsj opafj oajos pajsf psafjaposfjaopsjposa aspojdfpasojfp apsj fpoasj pojaopsj opafj oajos pajsf psafjaposfjaopsjposa aspojdfpasojfp apsj fpoasj pojaopsj opafj oajos pajsf psafjaposfjaopsjposa aspojdfpasojfp apsj fpoasj pojaopsj opafj oajos pajsf psafjaposfjaopsjposa aspojdfpasojfp apsj fpoasj pojaopsj opafj oajos pajsf psafjaposfjaopsjposa aspojdfpasojfp apsj fpoasj pojaopsj opafj oajos pajsf psafjaposfjaopsjposa aspojdfpasojfp apsj fpoasj pojaopsj opafj oajos pajsf psafjaposfjaopsjposa aspojdfpasojfp apsj fpoasj pojaopsj opafj oajos pajsf psafjaposfjaopsjposa aspojdfpasojfp apsj fpoasj pojaopsj opafj oajos pajsf psafjaposfjaopsjposa aspojdfpasojfp apsj fpoasj pojaopsj opafj oajos pajsf psafjaposfjaopsjposa aspojdfpasojfp apsj fpoasj pojaopsj opafj oajos pajsf psafjaposfjaopsjposa aspojdfpasojfp apsj fpoasj pojaopsj opafj oajos pajsf psafjaposfjaopsjposa aspojdfpasojfp apsj fpoasj pojaopsj opafj oajos pajsf psafjaposfjaopsjposa aspojdfpasojfp apsj fpoasj pojaopsj opafj oajos pajsf psafjaposfjaopsjposa aspojdfpasojfp apsj fpoasj pojaopsj opafj oajos pajsf psafjaposfjaopsjposa aspojdfpasojfp apsj fpoasj pojaopsj opafj oajos pajsf psafjaposfjaopsjposa aspojdfpasojfp apsj fpoasj pojaopsj opafj oajos pajsf psafjaposfjaopsjposa aspojdfpasojfp apsj fpoasj pojaopsj opafj oajos pajsf psafjaposfjaopsjposa aspojdfpasojfp apsj fpoasj pojaopsj opafj oajos pajsf psafjaposfjaopsjposa aspojdfpasojfp apsj fpoasj pojaopsj opafj oajos pajsf psafjaposfjaopsjposa aspojdfpasojfp apsj fpoasj pojaopsj opafj oajos pajsf psafjaposfjaopsjposa aspojdfpasojfp apsj fpoasj pojaopsj opafj oajos pajsf psafjaposfjaopsjposa aspojdfpasojfp apsj fpoasj pojaopsj opafj oajos pajsf psafjaposfjaopsjposa aspojdfpasojfp apsj fpoasj pojaopsj opafj oajos pajsf psafjaposfjaopsjposa aspojdfpasojfp apsj fpoasj pojaopsj opafj oajos pajsf psafjaposfjaopsjposa aspojdfpasojfp apsj fpoasj pojaopsj opafj oajos pajsf psafjaposfjaopsjposa aspojdfpasojfp apsj fpoasj pojaopsj opafj oajos pajsf psafjaposfjaopsjposa aspojdfpasojfp apsj fpoasj pojaopsj opafj oajos pajsf psafjaposfjaopsjposa aspojdfpasojfp apsj fpoasj pojaopsj opafj oajos pajsf psafjaposfjaopsjposa aspojdfpasojfp apsj fpoasj pojaopsj opafj oajos pajsf psafjaposfjaopsjposa aspojdfpasojfp apsj fpoasj pojaopsj opafj oajos pajsf psafjaposfjaopsjposa aspojdfpasojfp apsj fpoasj pojaopsj opafj oajos pajsf psafjaposfjaopsjposa aspojdfpasojfp apsj fpoasj pojaopsj opafj oajos pajsf psafjaposfjaopsjposa aspojdfpasojfp apsj fpoasj pojaopsj opafj oajos pajsf psafjaposfjaopsjposa aspojdfpasojfp apsj fpoasj pojaopsj opafj oajos pajsf psafjaposfjaopsjposa aspojdfpasojfp apsj fpoasj pojaopsj opafj oajos pajsf psafjaposfjaopsjposa aspojdfpasojfp apsj fpoasj pojaopsj opafj oajos pajsf psafjaposfjaopsjposa aspojdfpasojfp apsj fpoasj pojaopsj opafj oajos pajsf psafjaposfjaopsjposa aspojdfpasojfp apsj fpoasj pojaopsj opafj oajos pajsf psafjaposfjaopsjposa aspojdfpasojfp apsj fpoasj pojaopsj opafj oajos pajsf psafjaposfjaopsjposa aspojdfpasojfp apsj fpoasj pojaopsj opafj oajos pajsf psafjaposfjaopsjposa aspojdfpasojfp apsj fpoasj pojaopsj opafj oajos pajsf psafjaposfjaopsjposa aspojdfpasojfp apsj fpoasj pojaopsj opafj oajos pajsf psafjaposfjaopsjposa aspojdfpasojfp apsj fpoasj pojaopsj opafj oajos pajsf psafjaposfjaopsjposa aspojdfpasojfp apsj fpoasj pojaopsj opafj oajos pajsf psafjaposfjaopsjposa aspojdfpasojfp apsj fpoasj pojaopsj opafj oajos pajsf psafjaposfjaopsjposa aspojdfpasojfp apsj fpoasj pojaopsj opafj oajos pajsf psafjaposfjaopsjposa aspojdfpasojfp apsj fpoasj pojaopsj opafj oajos pajsf psafjaposfjaopsjposa aspojdfpasojfp apsj fpoasj pojaopsj opafj oajos pajsf psafjaposfjaopsjposa aspojdfpasojfp apsj fpoasj pojaopsj opafj oajos pajsf psafjaposfjaopsjposa aspojdfpasojfp apsj fpoasj pojaopsj opafj oajos pajsf psafjaposfjaopsjposa aspojdfpasojfp apsj fpoasj pojaopsj opafj oajos pajsf psafjaposfjaopsjposa aspojdfpasojfp apsj fpoasj pojaopsj opafj oajos pajsf psafjaposfjaopsjposa aspojdfpasojfp apsj fpoasj pojaopsj opafj oajos pajsf psafjaposfjaopsjposa aspojdfpasojfp apsj fpoasj pojaopsj opafj oajos pajsf psafjaposfjaopsjposa aspojdfpasojfp apsj fpoasj pojaopsj opafj oajos pajsf psafjaposfjaopsjposa aspojdfpasojfp apsj fpoasj pojaopsj opafj oajos pajsf psafjaposfjaopsjposa aspojdfpasojfp apsj fpoasj pojaopsj opafj oajos pajsf psafjaposfjaopsjposa aspojdfpasojfp apsj fpoasj pojaopsj opafj oajos pajsf psafjaposfjaopsjposa aspojdfpasojfp apsj fpoasj pojaopsj opafj oajos pajsf psafjaposfjaopsjposa aspojdfpasojfp apsj fpoasj pojaopsj opafj oajos pajsf psafjaposfjaopsjposa aspojdfpasojfp apsj fpoasj pojaopsj opafj oajos pajsf psafjaposfjaopsjposa aspojdfpasojfp apsj fpoasj pojaopsj opafj oajos pajsf psafjaposfjaopsjposa aspojdfpasojfp apsj fpoasj pojaopsj opafj oajos pajsf psafjaposfjaopsjposa aspojdfpasojfp apsj fpoasj pojaopsj opafj oajos pajsf psafjaposfjaopsjposa aspojdfpasojfp apsj fpoasj pojaopsj opafj oajos pajsf psafjaposfjaopsjposa aspojdfpasojfp apsj fpoasj pojaopsj opafj oajos pajsf psafjaposfjaopsjposa aspojdfpasojfp apsj fpoasj pojaopsj opafj oajos pajsf psafjaposfjaopsjposa aspojdfpasojfp apsj fpoasj pojaopsj opafj oajos pajsf psafjaposfjaopsjposa aspojdfpasojfp apsj fpoasj pojaopsj opafj oajos pajsf psafjaposfjaopsjposa aspojdfpasojfp apsj fpoasj pojaopsj opafj oajos pajsf psafjaposfjaopsjposa aspojdfpasojfp apsj fpoasj pojaopsj opafj oajos pajsf psafjaposfjaopsjposa aspojdfpasojfp apsj fpoasj pojaopsj opafj oajos pajsf psafjaposfjaopsjposa aspojdfpasojfp apsj fpoasj pojaopsj opafj oajos pajsf psafjaposfjaopsjposa aspojdfpasojfp apsj fpoasj pojaopsj opafj oajos pajsf psafjaposfjaopsjposa aspojdfpasojfp apsj fpoasj pojaopsj opafj oajos pajsf psafjaposfjaopsjposa aspojdfpasojfp apsj fpoasj pojaopsj opafj oajos pajsf psafjaposfjaopsjposa aspojdfpasojfp apsj fpoasj pojaopsj opafj oajos pajsf psafjaposfjaopsjposa aspojdfpasojfp apsj fpoasj pojaopsj opafj oajos pajsf psafjaposfjaopsjposa aspojdfpasojfp apsj fpoasj pojaopsj opafj oajos pajsf psafjaposfjaopsjposa aspojdfpasojfp apsj fpoasj pojaopsj opafj oajos pajsf psafjaposfjaopsjposa aspojdfpasojfp apsj fpoasj pojaopsj opafj oajos pajsf psafjaposfjaopsjposa aspojdfpasojfp apsj fpoasj pojaopsj opafj oajos pajsf psafjaposfjaopsjposa aspojdfpasojfp apsj fpoasj pojaopsj opafj oajos pajsf psafjaposfjaopsjposa aspojdfpasojfp apsj fpoasj pojaopsj opafj oajos pajsf psafjaposfjaopsjposa aspojdfpasojfp apsj fpoasj pojaopsj opafj oajos pajsf psafjaposfjaopsjposa aspojdfpasojfp apsj fpoasj pojaopsj opafj oajos pajsf psafjaposfjaopsjposa aspojdfpasojfp apsj fpoasj pojaopsj opafj oajos pajsf psafjaposfjaopsjposa aspojdfpasojfp apsj fpoasj pojaopsj opafj oajos pajsf psafjaposfjaopsjposa aspojdfpasojfp apsj fpoasj pojaopsj opafj oajos pajsf psafjaposfjaopsjposa aspojdfpasojfp apsj fpoasj pojaopsj opafj oajos pajsf psafjaposfjaopsjposa aspojdfpasojfp apsj fpoasj pojaopsj opafj oajos pajsf psafjaposfjaopsjposa aspojdfpasojfp apsj fpoasj pojaopsj opafj oajos pajsf psafjaposfjaopsjposa aspojdfpasojfp apsj fpoasj pojaopsj opafj oajos pajsf psafjaposfjaopsjposa aspojdfpasojfp apsj fpoasj pojaopsj opafj oajos pajsf psafjaposfjaopsjposa aspojdfpasojfp apsj fpoasj pojaopsj opafj oajos pajsf psafjaposfjaopsjposa aspojdfpasojfp apsj fpoasj pojaopsj opafj oajos pajsf psafjaposfjaopsjposa aspojdfpasojfp apsj fpoasj pojaopsj opafj oajos pajsf psafjaposfjaopsjposa aspojdfpasojfp apsj fpoasj pojaopsj opafj oajos pajsf psafjaposfjaopsjposa aspojdfpasojfp apsj fpoasj pojaopsj opafj oajos pajsf psafjaposfjaopsjposa aspojdfpasojfp apsj fpoasj pojaopsj opafj oajos pajsf psafjaposfjaopsjposa aspojdfpasojfp apsj fpoasj pojaopsj opafj oajos pajsf psafjaposfjaopsjposa aspojdfpasojfp apsj fpoasj pojaopsj opafj oajos pajsf psafjaposfjaopsjposa aspojdfpasojfp apsj fpoasj pojaopsj opafj oajos pajsf psafjaposfjaopsjposa aspojdfpasojfp apsj fpoasj pojaopsj opafj oajos pajsf psafjaposfjaopsjposa aspojdfpasojfp apsj fpoasj pojaopsj opafj oajos pajsf psafjaposfjaopsjposa aspojdfpasojfp apsj fpoasj pojaopsj opafj oajos pajsf psafjaposfjaopsjposa aspojdfpasojfp apsj fpoasj pojaopsj opafj oajos pajsf psafjaposfjaopsjposa aspojdfpasojfp apsj fpoasj pojaopsj opafj oajos pajsf psafjaposfjaopsjposa aspojdfpasojfp apsj fpoasj pojaopsj opafj oajos pajsf sac', '5fd6332f047e5-temp.jpg', 'review', '2020-12-13 17:32:19', 'mare-titlu-5fd634039304d'),
	(68, 9, '', '', '5fd6343ee9ffd-temp.jpg', 'review', '2020-12-13 17:33:19', '-5fd6343ff05b2'),
	(69, 9, '', '', '5fd634422389e-temp.jpg', 'review', '2020-12-13 17:33:24', '-5fd634448c198'),
	(70, 9, '', '', '5fd634422389e-temp.jpg', 'review', '2020-12-13 17:33:44', '-5fd63458aa99e');
/*!40000 ALTER TABLE `articles` ENABLE KEYS */;

-- Dumping structure for table blog.article_bookmarks
CREATE TABLE IF NOT EXISTS `article_bookmarks` (
  `id` int NOT NULL AUTO_INCREMENT,
  `article_id` int NOT NULL,
  `bookmarked_by` int NOT NULL,
  PRIMARY KEY (`id`),
  UNIQUE KEY `article_bookmarks_unique_idx1` (`bookmarked_by`,`article_id`),
  KEY `article_bookmarks_article_id_fk1` (`article_id`),
  KEY `article_bookmarks_bookmarked_by_fk2` (`bookmarked_by`),
  CONSTRAINT `article_bookmarks_article_id_fk1` FOREIGN KEY (`article_id`) REFERENCES `articles` (`id`) ON DELETE CASCADE ON UPDATE CASCADE,
  CONSTRAINT `article_bookmarks_bookmarked_by_fk2` FOREIGN KEY (`bookmarked_by`) REFERENCES `users` (`id`) ON DELETE CASCADE ON UPDATE CASCADE
) ENGINE=InnoDB AUTO_INCREMENT=226 DEFAULT CHARSET=latin1;

-- Dumping data for table blog.article_bookmarks: ~7 rows (approximately)
/*!40000 ALTER TABLE `article_bookmarks` DISABLE KEYS */;
INSERT INTO `article_bookmarks` (`id`, `article_id`, `bookmarked_by`) VALUES
	(218, 21, 9),
	(212, 22, 9),
	(92, 23, 9),
	(46, 25, 9),
	(75, 27, 9),
	(95, 28, 9),
	(225, 29, 9);
/*!40000 ALTER TABLE `article_bookmarks` ENABLE KEYS */;

-- Dumping structure for table blog.article_likes
CREATE TABLE IF NOT EXISTS `article_likes` (
  `id` int NOT NULL AUTO_INCREMENT,
  `article_id` int NOT NULL,
  `liked_by` int NOT NULL,
  PRIMARY KEY (`id`),
  UNIQUE KEY `article_likes_unique_idx1` (`liked_by`,`article_id`),
  KEY `article_likes_post_id_fk1` (`article_id`),
  KEY `article_likes_liked_by_fk2` (`liked_by`),
  CONSTRAINT `article_likes_liked_by_fk2` FOREIGN KEY (`liked_by`) REFERENCES `users` (`id`) ON DELETE CASCADE ON UPDATE CASCADE,
  CONSTRAINT `article_likes_post_id_fk1` FOREIGN KEY (`article_id`) REFERENCES `articles` (`id`) ON DELETE CASCADE ON UPDATE CASCADE
) ENGINE=InnoDB AUTO_INCREMENT=121 DEFAULT CHARSET=latin1;

-- Dumping data for table blog.article_likes: ~8 rows (approximately)
/*!40000 ALTER TABLE `article_likes` DISABLE KEYS */;
INSERT INTO `article_likes` (`id`, `article_id`, `liked_by`) VALUES
	(117, 17, 9),
	(116, 21, 9),
	(50, 22, 9),
	(51, 23, 9),
	(52, 24, 9),
	(53, 25, 9),
	(46, 26, 9),
	(120, 29, 9);
/*!40000 ALTER TABLE `article_likes` ENABLE KEYS */;

-- Dumping structure for table blog.article_tags
CREATE TABLE IF NOT EXISTS `article_tags` (
  `id` int NOT NULL AUTO_INCREMENT,
  `article_id` int NOT NULL,
  `tag_id` int NOT NULL,
  PRIMARY KEY (`id`),
  UNIQUE KEY `article_tags_unique_idx1` (`article_id`,`tag_id`) USING BTREE,
  KEY `article_tags_tag_id_fk2` (`tag_id`),
  KEY `article_tags_article_id_fk1` (`article_id`),
  CONSTRAINT `article_tags_article_id_fk1` FOREIGN KEY (`article_id`) REFERENCES `articles` (`id`) ON DELETE CASCADE ON UPDATE CASCADE,
  CONSTRAINT `article_tags_tag_id_fk2` FOREIGN KEY (`tag_id`) REFERENCES `tags` (`id`) ON DELETE CASCADE ON UPDATE CASCADE
) ENGINE=InnoDB AUTO_INCREMENT=88 DEFAULT CHARSET=utf8mb4 COLLATE=utf8mb4_unicode_ci;

-- Dumping data for table blog.article_tags: ~55 rows (approximately)
/*!40000 ALTER TABLE `article_tags` DISABLE KEYS */;
INSERT INTO `article_tags` (`id`, `article_id`, `tag_id`) VALUES
	(31, 17, 2),
	(32, 17, 3),
	(33, 17, 4),
	(34, 18, 2),
	(35, 18, 3),
	(36, 21, 2),
	(37, 21, 3),
	(38, 26, 3),
	(39, 27, 2),
	(40, 27, 3),
	(41, 28, 1),
	(42, 28, 2),
	(43, 28, 3),
	(44, 28, 4),
	(45, 28, 6),
	(46, 29, 1),
	(47, 29, 2),
	(48, 29, 3),
	(49, 29, 4),
	(50, 29, 5),
	(51, 29, 6),
	(52, 29, 7),
	(53, 48, 1),
	(54, 48, 2),
	(55, 52, 1),
	(56, 52, 2),
	(57, 54, 1),
	(58, 54, 2),
	(59, 55, 1),
	(60, 55, 2),
	(61, 56, 1),
	(62, 56, 2),
	(63, 56, 3),
	(64, 57, 1),
	(65, 57, 2),
	(66, 57, 3),
	(67, 58, 1),
	(68, 58, 2),
	(69, 58, 3),
	(70, 59, 1),
	(71, 59, 2),
	(72, 59, 3),
	(73, 60, 1),
	(74, 60, 2),
	(75, 60, 3),
	(76, 61, 1),
	(77, 61, 2),
	(78, 62, 1),
	(79, 62, 2),
	(80, 62, 3),
	(81, 63, 1),
	(82, 63, 2),
	(83, 63, 3),
	(84, 64, 1),
	(85, 64, 3),
	(86, 65, 1),
	(87, 65, 3);
/*!40000 ALTER TABLE `article_tags` ENABLE KEYS */;

-- Dumping structure for table blog.tags
CREATE TABLE IF NOT EXISTS `tags` (
  `id` int NOT NULL AUTO_INCREMENT,
  `name` varchar(50) CHARACTER SET utf8mb4 COLLATE utf8mb4_unicode_ci NOT NULL,
  `description` text CHARACTER SET utf8mb4 COLLATE utf8mb4_unicode_ci NOT NULL,
  `image` text CHARACTER SET utf8mb4 COLLATE utf8mb4_unicode_ci,
  PRIMARY KEY (`id`)
) ENGINE=InnoDB AUTO_INCREMENT=8 DEFAULT CHARSET=utf8mb4 COLLATE=utf8mb4_unicode_ci;

-- Dumping data for table blog.tags: ~7 rows (approximately)
/*!40000 ALTER TABLE `tags` DISABLE KEYS */;
INSERT INTO `tags` (`id`, `name`, `description`, `image`) VALUES
	(1, 'html', 'HTML is the standard markup language for Web pages.', NULL),
	(2, 'css', 'Cascading Style Sheets (CSS) is a simple language for adding style (e.g., fonts, colors, spacing) to HTML documents. It describes how HTML elements should be displayed.', NULL),
	(3, 'javascript', 'Once relegated to the browser as one of the 3 core technologies of the web, JavaScript can now be found almost anywhere you find code.', NULL),
	(4, 'php', 'Home for all the PHP-related posts on Dev.to!', NULL),
	(5, 'sql', 'Posts on tips and tricks, using and learning about SQL for database development and analysis.', NULL),
	(6, 'beginner', 'Beginner friendly content', NULL),
	(7, 'advanced', 'Advanced topic', NULL);
/*!40000 ALTER TABLE `tags` ENABLE KEYS */;

-- Dumping structure for table blog.users
CREATE TABLE IF NOT EXISTS `users` (
  `id` int NOT NULL AUTO_INCREMENT,
  `username` varchar(50) CHARACTER SET utf8mb4 COLLATE utf8mb4_unicode_ci NOT NULL,
  `email` varchar(50) CHARACTER SET utf8mb4 COLLATE utf8mb4_unicode_ci NOT NULL,
  `role` enum('Admin','Author','User') CHARACTER SET utf8mb4 COLLATE utf8mb4_unicode_ci NOT NULL DEFAULT 'User',
  `password` text CHARACTER SET utf8mb4 COLLATE utf8mb4_unicode_ci NOT NULL,
  `joined` datetime NOT NULL DEFAULT CURRENT_TIMESTAMP,
  `image` varchar(100) CHARACTER SET utf8mb4 COLLATE utf8mb4_unicode_ci NOT NULL DEFAULT 'guest.svg',
  `summary` varchar(250) CHARACTER SET utf8mb4 COLLATE utf8mb4_unicode_ci NOT NULL DEFAULT 'I prefer to stay misterious.',
  `drafts` int NOT NULL DEFAULT '0',
  `bookmarks` int NOT NULL DEFAULT '0',
  PRIMARY KEY (`id`),
  UNIQUE KEY `username` (`username`),
  UNIQUE KEY `email` (`email`)
) ENGINE=InnoDB AUTO_INCREMENT=80 DEFAULT CHARSET=utf8mb4 COLLATE=utf8mb4_unicode_ci;

-- Dumping data for table blog.users: ~0 rows (approximately)
/*!40000 ALTER TABLE `users` DISABLE KEYS */;
INSERT INTO `users` (`id`, `username`, `email`, `role`, `password`, `joined`, `image`, `summary`, `drafts`, `bookmarks`) VALUES
	(9, 'sergiu', 'test@test.com', 'Admin', '$2y$10$jYl2v9VvbESBxCN6F7xDJuj5CbLS18AmC/RZBqUoHU75MHIGwknwK', '2020-07-19 09:18:42', 'guest.svg', 'I prefer to stay misterious.', 1, 7),
	(78, 'asfasfas', 'fasfasfa@fasfasf.com', 'User', '$2y$10$eESe70Ayq5V5pvSwoHKMiO4WN0i3b4/nfndczJJfbwsvJ6xvLYjvW', '2020-12-05 17:42:17', 'sfasfas', 'fasfasf', 0, 0);
/*!40000 ALTER TABLE `users` ENABLE KEYS */;

/*!40101 SET SQL_MODE=IFNULL(@OLD_SQL_MODE, '') */;
/*!40014 SET FOREIGN_KEY_CHECKS=IF(@OLD_FOREIGN_KEY_CHECKS IS NULL, 1, @OLD_FOREIGN_KEY_CHECKS) */;
/*!40101 SET CHARACTER_SET_CLIENT=@OLD_CHARACTER_SET_CLIENT */;
